,company,wikidata_id,product_score,report_evidence_binary,report_evidence_content,average_sentiment_impactful,score_before_graph,graph_group_average,final_score
0,3M Co,Q159433,0,False,nothing,-16.44388888888888,-1,-1.0,-1.0
1,A O Smith Corp,Q4648219,1,False,nothing,2.3400000000000007,2,2.0,2.0
2,a2 Milk Co Ltd,Q22909318,1,False,nothing,-8.46,0,0.0,0.0
3,ABB Ltd,Q52825,0,False,nothing,68.70545454545454,1,1.0,1.0
4,Abbott Laboratories,Q306764,1,False,nothing,-6.77,0,0.0,0.0
5,AbbVie Inc,Q14662364,1,False,nothing,-26.65,0,0.0,0.0
6,ABN AMRO Bank NV,Q287471,0,False,nothing,-52.13,-1,-1.0,-1.0
7,Accenture PLC,Q338825,0,False,nothing,49.09142857142857,1,1.0,1.0
8,Accor SA,Q212599,0,False,nothing,160.8957142857143,1,1.0,1.0
9,Activision Blizzard Inc,Q344341,0,False,nothing,-88.65299999999999,-1,-1.0,-1.0
10,Adani Transmission Ltd,Q83472792,0,False,nothing,15.06,1,1.0,1.0
11,adidas AG,Q3895,0,False,nothing,136.77517241379311,1,1.0,1.0
12,Adient PLC,Q26832896,0,False,nothing,-4.69,-1,-1.0,-1.0
13,Adobe Inc,Q11463,0,False,nothing,46.590384615384615,1,1.0,1.0
14,ADT Inc,Q290680,0,False,nothing,12.25,1,1.0,1.0
15,Adtalem Global Education Inc,Q5244154,1,False,nothing,5.67,2,2.0,2.0
16,Advance Auto Parts Inc,Q4686051,0,False,nothing,-4.515000000000001,-1,-1.0,-1.0
17,Advanced Drainage Systems Inc,Q60745531,0,False,nothing,0.3400000000000001,1,1.0,1.0
18,Advanced Micro Devices Inc,Q128896,0,False,nothing,56.13510204081632,1,1.0,1.0
19,Adyen NV,Q4686934,0,False,nothing,29.82,1,1.0,1.0
20,AECOM,Q2825507,0,False,nothing,-35.2,-1,-1.0,-1.0
21,AES Corp,Q291508,0,False,nothing,51.00000000000001,1,1.0,1.0
22,Ageas SA/NV,Q392338,0,False,nothing,-6.386,-1,-1.0,-1.0
23,Agilent Technologies Inc,Q393762,0,False,nothing,380.1575,1,1.0,1.0
24,AIA Group Ltd,Q1152465,0,False,nothing,-11.7,-1,-1.0,-1.0
25,AIB Group PLC,Q1642179,1,False,nothing,-12.522499999999996,0,0.0,0.0
26,Air Liquide SA,Q407448,1,False,nothing,131.552,2,2.0,2.0
27,Ajinomoto Co Inc,Q412826,1,False,nothing,4.46,2,2.0,2.0
28,Akamai Technologies Inc,Q415598,0,False,nothing,264.46,1,1.0,1.0
29,Akbank TAS,Q416624,0,False,nothing,0.0,-1,-1.0,-1.0
30,Akzo Nobel NV,Q50912,0,False,nothing,10.345,1,1.0,1.0
31,Albemarle Corp,Q127074,0,False,nothing,-2.88,-1,-1.0,-1.0
32,Alcon Inc,Q684825,0,True,1717 Our Story About This Report Benefiting Customers Patients Caring for Our Environment Winning in the Workplace Working With Integrity ES G Performance Data Content Indices 17 Philanthropy Al cons products have significant positive impacts on our customers and patients and our philanthropic efforts connect to the UN Sustainable Development Goal of No Poverty,21.875,2,2.0,2.0
33,Alexandria Real Estate Equities Inc,Q48739877,0,False,nothing,1.404,1,0.5833333333333334,1.0
34,Alfa Laval AB,Q686030,0,False,nothing,10.59666666666667,1,1.0,1.0
35,Alibaba Group Holding Ltd,Q1359568,0,False,nothing,-105.8629411764706,-1,-0.42857142857142855,-1.0
36,Allegion plc,Q16738121,0,False,nothing,23.11,1,1.0,1.0
37,Allianz SE,Q487292,0,False,nothing,-13.476363636363637,-1,0.0,-0.5
38,Allied Properties Real Estate Investment Trust,Q697852,0,False,nothing,51.05375000000001,1,0.5833333333333334,1.0
39,Allison Transmission Holdings Inc,Q2036530,0,False,nothing,9.2,1,1.0,1.0
40,Alphabet Inc,Q20800404,0,False,nothing,-7.686999999999998,-1,-1.0,-1.0
41,Alstom SA,Q309084,0,False,nothing,81.90727272727273,1,1.0,1.0
42,Altice USA Inc,Q644289,0,False,nothing,-70.21000000000001,-1,-1.0,-1.0
43,Altium Ltd,Q1066620,0,False,nothing,3.344999999999999,1,1.0,1.0
44,Amadeus IT Group SA,Q696061,0,False,nothing,0.0,-1,-1.0,-1.0
45,Amazon.com Inc,Q3884,1,False,nothing,29.50431309904153,2,2.0,2.0
46,AMC Entertainment Holdings Inc,Q294721,0,False,nothing,-41.481923076923074,-1,-1.0,-1.0
47,American Axle & Manufacturing Holdings Inc,Q4743120,0,False,nothing,24.360000000000003,1,1.0,1.0
48,American Express Co,Q194360,0,True,in a variety of ways such as giving businesses and customers connected network of merchants and customers supporting small business growth going carbon neutral raising awareness about marine plastic pollution and investing in communities around the initiatives and programs and believe our work is aligned with 12 Global Goals 1 No Poverty 34 Quality Education Life on Land 1617 Partnerships for the Goals INTRODUCTION OUR APPROACH TO CSR OPERATING RESPONSIBLY BACKING OUR CUSTOMERS BACKING OUR COMMUNITIES BACKING OUR COLLEAGUES SUSTAINABILITY MANAGING OUR ENVIRONMENTAL IMPACT GRI CONTENT INDEX Operating responsibly Adhering to the highest standards of ethics and regulatory compliance Ensuring data privacy and security INTRODUCTION OUR APPROACH TO CSR OPERATING RESPONSIBLY BACKING OUR CUSTOMERS BACKING OUR COMMUNITIES BACKING OUR COLLEAGUES SUSTAINABILITY MANAGING OUR ENVIRONMENTAL IMPACT GRI CONTENT INDEX 12 American Express is the worlds largest card issuer globally by purchase volume ourselves to the highest standards of ethics and regulatory compliance,2.204705882352939,2,0.3157894736842105,2.0
49,American International Group Inc,Q212235,0,False,nothing,-1103.2955555555554,-1,-1.0,-1.0
50,American Tower Corp,Q4745263,0,False,nothing,-9.5,-1,0.5833333333333334,-0.5
51,American Water Works Co Inc,Q467238,0,False,nothing,559.81,1,1.0,1.0
52,Amorepacific Corp,Q490142,0,False,nothing,11.923333333333332,1,1.0,1.0
53,ams AG,Q477875,0,False,nothing,-1.2000000000000002,-1,-1.0,-1.0
54,Analog Devices Inc,Q484930,0,False,nothing,15.64,1,1.0,1.0
55,ANDRITZ AG,Q442018,0,False,nothing,42.191428571428574,1,1.0,1.0
56,Anglo American PLC,Q541451,0,False,nothing,-108.16249999999998,-1,-1.0,-1.0
57,Anheuser-Busch InBev SA/NV,Q128738,0,False,nothing,51.95142857142857,1,1.0,1.0
58,ANSYS Inc,Q295774,0,False,nothing,176.66,1,1.0,1.0
59,Antero Resources Corp,Q39046155,0,False,nothing,0.18,1,1.0,1.0
60,Anthem Inc,Q677488,0,False,nothing,-55.64,-1,-1.0,-1.0
61,APA Group,Q20311412,0,False,nothing,0.2133333333333335,1,1.0,1.0
62,Apple Inc,Q312,0,False,nothing,-124.62029810298102,-1,0.3157894736842105,-0.5
63,Applied Materials Inc,Q621610,0,False,nothing,10.936,1,1.0,1.0
64,Aptiv PLC,Q643626,0,False,nothing,71.34,1,1.0,1.0
65,Aramark,Q625708,0,False,nothing,14.875000000000028,1,1.0,1.0
66,Arcadis NV,Q631507,0,False,nothing,22.23,1,1.0,1.0
67,ArcelorMittal SA,Q27893,0,False,nothing,32.19000000000001,1,1.0,1.0
68,Arista Networks Inc,Q2861324,0,False,nothing,44.55,1,1.0,1.0
69,Arkema SA,Q673327,0,False,nothing,14.31,1,-0.5,0.5
70,Asahi Kasei Corp,Q720489,1,False,nothing,40.78,2,2.0,2.0
71,Ashtead Group PLC,Q4805956,0,False,nothing,2.640000000000001,1,1.0,1.0
72,ASOS PLC,Q211951,0,False,nothing,-143.8341176470588,-1,-1.0,-1.0
73,Aspen Pharmacare Holdings Ltd,Q4807838,1,False,nothing,-4.5600000000000005,0,0.0,0.0
74,Aspen Technology Inc,Q736091,0,False,nothing,59.92,1,1.0,1.0
75,Astellas Pharma Inc,Q528842,1,False,nothing,13.74,2,2.0,2.0
76,AstraZeneca PLC,Q731938,1,False,nothing,-141.06684131736526,0,0.0,0.0
77,Atlas Copco AB,Q757164,0,False,nothing,5.636666666666667,1,1.0,1.0
78,Australia & New Zealand Banking Group Ltd,Q714641,0,False,nothing,28.06357142857143,1,1.0,1.0
79,Auto Trader Group PLC,Q4826130,0,False,nothing,2.9450000000000003,1,1.0,1.0
80,Autodesk Inc,Q628051,0,False,nothing,8.795714285714284,1,1.0,1.0
81,Avantor Inc,Q104842834,0,False,nothing,-16.240000000000002,-1,-1.0,-1.0
82,Avery Dennison Corp,Q790650,0,False,nothing,3.0000000000000004,1,1.0,1.0
83,Avis Budget Group Inc,Q2874395,0,False,nothing,143.35500000000002,1,1.0,1.0
84,Aviva PLC,Q791179,0,False,nothing,-19.676666666666662,-1,-1.0,-1.0
85,AXA SA,Q160054,0,False,nothing,-13.36857142857143,-1,0.0,-0.5
86,Axalta Coating Systems Ltd,Q26215536,0,False,nothing,83.25142857142858,1,1.0,1.0
87,Axiata Group Bhd,Q792500,1,False,nothing,-21.54500000000001,0,0.0,0.0
88,Axis Bank Ltd,Q2003549,0,False,nothing,-33.49,-1,-1.0,-1.0
89,Baidu Inc,Q14772,0,False,nothing,-28.59363636363636,-1,-1.0,-1.0
90,Bajaj Finance Ltd,Q28173355,1,False,nothing,-6.525,0,0.0,0.0
91,Ball Corp,Q4034815,0,False,nothing,19.095,1,1.0,1.0
92,Ballard Power Systems Inc,Q474383,0,False,nothing,-5.52,-1,-1.0,-1.0
93,Banco Bilbao Vizcaya Argentaria SA,Q806189,1,False,nothing,-8.806363636363637,0,0.0,0.0
94,Banco BTG Pactual SA,Q2877503,0,False,nothing,22.380000000000003,1,1.0,1.0
95,Banco Comercial Portugues SA,Q118581,1,False,nothing,-2.5600000000000005,0,0.0,0.0
96,Banco de Sabadell SA,Q762330,1,False,nothing,-0.8800000000000001,0,0.0,0.0
97,Banco do Brasil SA,Q610817,0,False,nothing,-11.12153846153846,-1,-1.0,-1.0
98,Banco Santander Chile,Q1094313,1,False,nothing,7.364999999999999,2,2.0,2.0
99,Banco Santander SA,Q6496310,1,False,nothing,-6.995,0,0.0,0.0
100,Bancolombia SA,Q806206,0,False,nothing,-0.16,-1,-1.0,-1.0
101,Bandhan Bank Ltd,Q19882235,1,False,nothing,-7.300000000000001,0,0.0,0.0
102,Bangkok Bank PCL,Q806483,1,False,nothing,31.69333333333333,2,2.0,2.0
103,Bank Negara Indonesia Persero Tbk PT,Q2882611,1,False,nothing,1035.7733333333335,2,2.0,2.0
104,Bank of America Corp,Q487907,0,False,nothing,-43.64059999999999,-1,-1.0,-1.0
105,Bank of China Ltd,Q790068,0,False,nothing,-55.577,-1,-1.0,-1.0
106,Bank of Ireland Group PLC,Q806689,0,False,nothing,6.038333333333331,1,1.0,1.0
107,Bank of Nova Scotia,Q451476,0,False,nothing,-44.322,-1,-1.0,-1.0
108,Bankinter SA,Q806808,1,False,nothing,-0.4666666666666666,0,0.0,0.0
109,Barclays PLC,Q245343,0,False,nothing,-48.17829787234043,-1,-1.0,-1.0
110,BASF SE,Q9401,0,False,nothing,50.69625,1,1.0,1.0
111,Basler AG,Q810387,0,False,nothing,0.16,1,1.0,1.0
112,Bausch Health Cos Inc,Q1700871,1,False,nothing,-9.75,0,0.0,0.0
113,Baxter International Inc,Q761965,1,False,nothing,25.83,2,2.0,2.0
114,Bayer AG,Q152051,1,False,nothing,-3.1923684210526337,0,0.0,0.0
115,Bayerische Motoren Werke AG,Q26678,0,False,nothing,41.735416666666666,1,1.0,1.0
116,Beijing Enterprises Holdings Ltd,Q836569,0,False,nothing,-0.92,-1,-1.0,-1.0
117,Belden Inc,Q815327,0,False,nothing,6.85,1,1.0,1.0
118,Berkshire Hathaway Inc,Q217583,0,False,nothing,-130.39,-1,0.3157894736842105,-0.5
119,Berry Global Group Inc,Q4894819,0,False,nothing,2.28,1,1.0,1.0
120,Bharat Petroleum Corp Ltd,Q854826,0,False,nothing,-2.492,-1,-1.0,-1.0
121,Bharti Airtel Ltd,Q854867,1,False,nothing,-16.794999999999998,0,0.0,0.0
122,BHP Group Ltd,Q625713,0,False,nothing,-15.334166666666668,-1,-1.0,-1.0
123,BHP Group PLC,Q625713,0,False,nothing,-7.83,-1,-1.0,-1.0
124,Biffa PLC,Q4904749,0,False,nothing,48.260000000000005,1,0.0,0.5
125,Big Yellow Group PLC,Q4906703,0,False,nothing,6.23,1,1.0,1.0
126,Biotage AB,Q10429829,0,False,nothing,0.0,-1,-1.0,-1.0
127,Blackbaud Inc,Q4922539,0,False,nothing,48.11,1,1.0,1.0
128,BNP Paribas SA,Q499707,0,False,nothing,31.253125,1,1.0,1.0
129,Bombardier Inc,Q333498,0,False,nothing,31.168999999999997,1,1.0,1.0
130,Booking Holdings Inc,Q18674747,0,False,nothing,-1.7000000000000002,-1,-1.0,-1.0
131,Boralex Inc,Q2910597,0,False,nothing,84.6,1,1.0,1.0
132,Boston Properties Inc,Q4844439,0,False,nothing,2.32,1,0.5833333333333334,1.0
133,Boston Scientific Corp,Q894585,1,False,nothing,-28.885,0,0.0,0.0
134,BP PLC,Q152057,0,False,nothing,-111.93764705882352,-1,-1.0,-1.0
135,Braskem SA,Q899395,0,False,nothing,-75.96,-1,-1.0,-1.0
136,BRF SA,Q899097,1,False,nothing,3.3199999999999985,2,2.0,2.0
137,Bridgestone Corp,Q179433,0,False,nothing,54.42,1,0.0,0.5
138,Bristol-Myers Squibb Co,Q266423,1,False,nothing,-36.30555555555556,0,0.0,0.0
139,British American Tobacco Malaysia Bhd,Q856411,0,False,nothing,0.0640000000000004,1,1.0,1.0
140,British American Tobacco PLC,Q856411,0,False,nothing,0.0640000000000004,1,1.0,1.0
141,Britvic PLC,Q4971696,0,False,nothing,32.980000000000004,1,1.0,1.0
142,Broadcom Inc,Q4827416,0,False,nothing,42.9,1,1.0,1.0
143,BT Group PLC,Q593786,0,False,nothing,-298.4031578947368,-1,-0.3333333333333333,-1.0
144,BYD Co Ltd,Q2608329,0,False,nothing,57.46,1,0.3157894736842105,1.0
145,CA Immobilien Anlagen AG,Q1022921,0,False,nothing,0.0,-1,-1.0,-1.0
146,Cal-Maine Foods Inc,Q5018092,1,False,nothing,14.625,2,2.0,2.0
147,Campbell Soup Co,Q1030544,1,False,nothing,5.935000000000002,2,2.0,2.0
148,Canfor Corp,Q1033165,0,False,nothing,26.26,1,1.0,1.0
149,Capital One Financial Corp,Q1034654,0,False,nothing,165.88875000000002,1,1.0,1.0
150,CapitaLand Ltd,Q3272868,0,False,nothing,39.55,1,1.0,1.0
151,Carlsberg AS,Q113215,0,False,nothing,37.94,1,1.0,1.0
152,Carrefour SA,Q3117359,1,False,nothing,-9.728260869565217,0,0.0,0.0
153,Cascades Inc,Q544004,1,False,nothing,-10.56,0,0.0,0.0
154,Catalent Inc,Q19866242,0,False,nothing,8.045000000000002,1,1.0,1.0
155,CBRE Group Inc,Q1023013,0,False,nothing,5.492727272727271,1,1.0,1.0
156,CCR SA,Q1121225,0,False,nothing,-1.3200000000000005,-1,-1.0,-1.0
157,CD Projekt SA,Q7098994,0,False,nothing,-101.183,-1,-1.0,-1.0
158,Celanese Corp,Q547450,0,False,nothing,12.055,1,1.0,1.0
159,Cemex SAB de CV,Q1053348,0,False,nothing,44.580000000000005,1,1.0,1.0
160,Centrica PLC,Q259013,0,False,nothing,-21.072857142857146,-1,-1.0,-1.0
161,Cerner Corp,Q1055390,0,False,nothing,20.895000000000003,1,1.0,1.0
162,CF Industries Holdings Inc,Q905806,0,False,nothing,-1.5499999999999998,-1,-1.0,-1.0
163,Charter Communications Inc,Q2961234,0,False,nothing,-60.09800000000001,-1,0.3157894736842105,-0.5
164,Chegg Inc,Q5089544,0,False,nothing,-258.03,-1,-1.0,-1.0
165,Chevron Corp,Q319642,0,False,nothing,-246.9825,-1,-1.0,-1.0
166,China Everbright Environment Group Ltd,Q10890263,0,False,nothing,12.32,1,1.0,1.0
167,China Hongqiao Group Ltd,Q10874559,0,False,nothing,-1.08,-1,-1.0,-1.0
168,China Merchants Bank Co Ltd,Q1073327,1,False,nothing,-0.2850000000000001,0,0.0,0.0
169,China Merchants Port Holdings Co Ltd,Q268784,0,False,nothing,4.870000000000001,1,1.0,1.0
170,China Resources Gas Group Ltd,Q5099882,0,False,nothing,0.0,-1,-1.0,-1.0
171,China Resources Land Ltd,Q5099887,0,False,nothing,-0.5,-1,-1.0,-1.0
172,China Traditional Chinese Medicine Holdings Co Ltd,Q27892807,0,False,nothing,4.847857142857142,1,0.0,0.5
173,China Vanke Co Ltd,Q861340,0,False,nothing,-33.35,-1,-1.0,-1.0
174,Chubb Ltd,Q1089060,0,False,nothing,14.559999999999995,1,1.0,1.0
175,Chugai Pharmaceutical Co Ltd,Q750619,1,False,nothing,-20.72,0,0.0,0.0
176,Cie de Saint-Gobain,Q678565,0,False,nothing,-90.07333333333334,-1,-1.0,-1.0
177,Cie Generale des Etablissements Michelin SCA,Q151107,0,False,nothing,110.49736842105264,1,1.0,1.0
178,Cimarex Energy Co,Q16829606,0,False,nothing,-0.1699999999999999,-1,-1.0,-1.0
179,Cimpress PLC,Q22121865,0,False,nothing,14.0875,1,1.0,1.0
180,Cintas Corp,Q1092571,0,False,nothing,35.81333333333335,1,1.0,1.0
182,Citigroup Inc,Q219508,0,False,nothing,38.6016129032258,1,1.0,1.0
183,Citrix Systems Inc,Q916196,0,False,nothing,48.24,1,1.0,1.0
184,City Developments Ltd,Q16259060,0,False,nothing,35.7,1,1.0,1.0
185,Clear Channel Outdoor Holdings Inc,Q5130656,0,False,nothing,92.56,1,1.0,1.0
186,Clearwater Paper Corp,Q5130952,1,False,nothing,-0.31,0,0.0,0.0
187,CLP Holdings Ltd,Q977959,0,False,nothing,85.68,1,1.0,1.0
188,CME Group Inc,Q1071967,0,False,nothing,-8.025714285714285,-1,-1.0,-1.0
189,CNH Industrial NV,Q15238661,0,False,nothing,5.816000000000001,1,1.0,1.0
190,CNP Assurances,Q1023930,0,False,nothing,58.42,1,1.0,1.0
191,Coca-Cola Europacific Partners PLC,Q106829668,0,False,nothing,-0.32,-1,-1.0,-1.0
192,Coca-Cola Femsa SAB de CV,Q20714863,1,False,nothing,2793.42,2,2.0,2.0
193,Cogent Communications Holdings Inc,Q1106938,0,False,nothing,21.480000000000004,1,1.0,1.0
194,Cognizant Technology Solutions Corp,Q1107035,0,False,nothing,220.3466666666667,1,1.0,1.0
195,Coherent Inc,Q1107088,0,False,nothing,-9.96,-1,-1.0,-1.0
196,Colfax Corp,Q2579502,0,False,nothing,0.0,-1,-1.0,-1.0
197,Colgate-Palmolive Co,Q609466,1,False,nothing,37.92,2,2.0,2.0
198,Columbia Sportswear Co,Q1112588,0,False,nothing,25.9,1,1.0,1.0
199,Comcast Corp,Q1113804,0,False,nothing,-37.188125000000014,-1,-1.0,-1.0
200,Comfort Systems USA Inc,Q5151691,0,False,nothing,-0.1399999999999999,-1,-1.0,-1.0
201,Commonwealth Bank of Australia,Q285328,0,False,nothing,-11.47166666666667,-1,-1.0,-1.0
202,CommScope Holding Co Inc,Q5152057,0,False,nothing,86.36999999999999,1,1.0,1.0
203,Community Health Systems Inc,Q5154770,0,False,nothing,-0.1999999999999998,-1,-1.0,-1.0
204,Compass Group PLC,Q782697,0,False,nothing,-19.78625,-1,-1.0,-1.0
205,Constellation Brands Inc,Q1128160,0,False,nothing,-1.0799999999999983,-1,-1.0,-1.0
206,Contact Energy Ltd,Q1128439,0,False,nothing,14.2725,1,1.0,1.0
207,Contemporary Amperex Technology Co Ltd,Q18653563,0,False,nothing,55.68142857142858,1,1.0,1.0
208,Continental AG,Q163241,0,False,nothing,-7.5,-1,-1.0,-1.0
209,Continental Resources Inc/OK,Q5165314,0,False,nothing,-3.405,-1,-1.0,-1.0
210,Corning Inc,Q5842736,0,False,nothing,27.03,1,1.0,1.0
211,Cosan SA,Q2998228,0,False,nothing,-0.18,-1,-1.0,-1.0
212,Coty Inc,Q1104787,0,False,nothing,259.69800000000004,1,1.0,1.0
213,Credicorp Ltd,Q126559,1,False,nothing,372.135,2,2.0,2.0
214,Credit Suisse Group AG,Q372657,0,False,nothing,-198.638,-1,0.0,-0.5
215,CRH PLC,Q1053299,0,False,nothing,7.8725,1,1.0,1.0
216,Croda International PLC,Q3003175,0,False,nothing,-13.222500000000004,-1,-1.0,-1.0
217,Crown Castle International Corp,Q5189320,0,False,nothing,-17.430000000000007,-1,0.5833333333333334,-0.5
218,Crown Holdings Inc,Q5189378,0,False,nothing,45.1,1,1.0,1.0
219,CVS Health Corp,Q624375,0,False,nothing,85.18222222222222,1,1.0,1.0
220,CyberArk Software Ltd,Q5197666,0,False,nothing,326.33,1,1.0,1.0
221,CyrusOne Inc,Q16953751,0,False,nothing,2.7224999999999997,1,0.5833333333333334,1.0
222,Daikin Industries Ltd,Q1157589,0,False,nothing,50.87333333333336,1,1.0,1.0
224,Daiwa House Industry Co Ltd,Q913825,0,False,nothing,23.800000000000004,1,1.0,1.0
225,Danaher Corp,Q1159256,1,False,nothing,-1.2400000000000002,0,0.0,0.0
226,Danone SA,Q329426,1,True,The material aspects identified emphasize the way Danone will significantly contribute to the following S DGs on which Danone s activities have a moderate impact SD G 1 No Poverty by focusing on the reduction of the poor and those living in vulnerable situations namely through our investments in the following four funds Danone Communities the Danone Ecosystem fund the Livelihood Carbon Funds and the Livelihood Funds for Family Farming SD G 14 Life Below Water by preventing and significantly reducing marine pollution notably through our commitments to circular economy and our partnership with the Ellen MacArthur Foundation SD G 15 Life On Land by combating deforestation and degraded land and soil SD G 16 Peace Justice and Strong Institutions by fighting against corruption and bribery in all their forms,-16.80583333333333,1,1.0,1.0
227,Danske Bank A/S,Q1636974,0,False,nothing,-64.0,-1,-1.0,-1.0
228,DBS Group Holdings Ltd,Q705417,1,False,nothing,4.552857142857143,2,2.0,2.0
229,Deckers Outdoor Corp,Q1181953,0,False,nothing,5.7700000000000005,1,1.0,1.0
230,Dell Technologies Inc,Q27500963,0,False,nothing,27.58285714285714,1,1.0,1.0
231,Delta Electronics Inc,Q5254620,0,False,nothing,-4.98,-1,-1.0,-1.0
232,DENTSPLY SIRONA Inc,Q23781052,0,False,nothing,5.93,1,1.0,1.0
233,Derichebourg SA,Q3023799,0,False,nothing,4.32,1,1.0,1.0
234,Deutsche Bank AG,Q66048,0,False,nothing,-58.1584,-1,-0.5,-1.0
235,Deutsche Telekom AG,Q9396,0,False,nothing,-750.24,-1,-0.3333333333333333,-1.0
236,Deutsche Wohnen SE,Q1204510,0,False,nothing,-58.426,-1,-1.0,-1.0
237,Devon Energy Corp,Q1206980,0,False,nothing,2.7,1,1.0,1.0
238,Dexcom Inc,Q15109865,1,False,nothing,17.43,2,2.0,2.0
239,Diageo PLC,Q161140,0,False,nothing,50.13125,1,1.0,1.0
240,Diamondback Energy Inc,Q65091423,0,False,nothing,-4.38,-1,-1.0,-1.0
241,DiaSorin SpA,Q3706466,1,False,nothing,39.48,2,2.0,2.0
242,Digital Realty Trust Inc,Q5275969,0,False,nothing,94.42,1,0.5833333333333334,1.0
243,Direct Line Insurance Group PLC,Q5280285,0,False,nothing,5.320000000000001,1,1.0,1.0
244,Discover Financial Services,Q5281775,0,False,nothing,11.840000000000003,1,1.0,1.0
245,Dollar General Corp,Q145168,1,False,nothing,41.98774193548388,2,2.0,2.0
246,Dollar Tree Inc,Q5289230,1,False,nothing,42.5,2,2.0,2.0
247,Dometic Group AB,Q5290243,0,False,nothing,34.580000000000005,1,1.0,1.0
248,Dover Corp,Q16974527,0,False,nothing,24.805,1,1.0,1.0
249,Dow Inc,Q62739842,0,False,nothing,51.025,1,1.0,1.0
250,DS Smith PLC,Q5206214,0,False,nothing,7.185454545454545,1,1.0,1.0
251,Duke Energy Corp,Q1264404,0,False,nothing,-21.24058823529412,-1,-1.0,-1.0
252,Duke Realty Corp,Q48742298,0,False,nothing,0.0,-1,-1.0,-1.0
253,DuPont de Nemours Inc,Q221062,0,False,nothing,-72.12222222222222,-1,-1.0,-1.0
254,E.ON SE,Q270223,0,False,nothing,-48.40249999999999,-1,-1.0,-1.0
255,Eastman Chemical Co,Q899022,0,False,nothing,28.2,1,1.0,1.0
256,Eaton Corp PLC,Q48872,0,False,nothing,-9.48,-1,-1.0,-1.0
257,eBay Inc,Q58024,0,False,nothing,-20.43578947368422,-1,0.0,-0.5
258,Ecolab Inc,Q1282031,0,False,nothing,23.21,1,1.0,1.0
259,Ecopetrol SA,Q1282130,0,False,nothing,-51.74,-1,-1.0,-1.0
260,Edenred,Q3047407,0,False,nothing,13.899999999999997,1,1.0,1.0
261,Edgewell Personal Care Co,Q5337641,1,False,nothing,0.9275,2,2.0,2.0
262,EDP - Energias de Portugal SA,Q1341222,0,False,nothing,-17.025000000000002,-1,-1.0,-1.0
263,Edwards Lifesciences Corp,Q16966841,1,False,nothing,29.385,2,2.0,2.0
264,eHealth Inc,Q5323107,0,False,nothing,2.28,1,1.0,1.0
265,Elanco Animal Health Inc,Q30280160,0,False,nothing,-5.629999999999999,-1,-1.0,-1.0
266,Electrolux AB,Q505922,0,False,nothing,-6.359999999999999,-1,-1.0,-1.0
267,Electronic Arts Inc,Q173941,0,False,nothing,-41.680465116279066,-1,-1.0,-1.0
268,Element Solutions Inc,Q18228597,0,False,nothing,14.85,1,1.0,1.0
269,Eli Lilly & Co,Q632240,1,False,nothing,18.558,2,2.0,2.0
270,Embraer SA,Q105557,0,False,nothing,25.80375,1,1.0,1.0
271,EMCOR Group Inc,Q5370289,0,False,nothing,0.4760000000000001,1,1.0,1.0
272,Emerson Electric Co,Q1335585,0,False,nothing,49.25,1,1.0,1.0
273,Emirates Telecommunications Group Co PJSC,Q543449,0,False,nothing,273.27000000000004,1,1.0,1.0
274,Enbridge Inc,Q1339966,0,False,nothing,-83.17966666666666,-1,-1.0,-1.0
275,Encompass Health Corp,Q5690400,0,False,nothing,4.65,1,1.0,1.0
276,Endo International PLC,Q5376211,1,False,nothing,-30.239999999999995,0,0.0,0.0
277,Enel SpA,Q651222,0,False,nothing,-2.171666666666665,-1,-1.0,-1.0
278,Energizer Holdings Inc,Q1200840,0,False,nothing,-11.386666666666668,-1,-1.0,-1.0
279,Engie SA,Q13416787,0,False,nothing,11.898,1,1.0,1.0
280,ENN Energy Holdings Ltd,Q55610325,0,False,nothing,-0.1399999999999999,-1,-1.0,-1.0
281,Enphase Energy Inc,Q17012234,0,False,nothing,26.99,1,1.0,1.0
282,Entra ASA,Q5380649,0,False,nothing,-13.1,-1,-1.0,-1.0
283,EPAM Systems Inc,Q1275613,0,False,nothing,40.510000000000005,1,1.0,1.0
284,EQT Corp,Q5323987,0,False,nothing,15.188333333333334,1,1.0,1.0
285,Equinix Inc,Q851641,0,False,nothing,298.6975,1,1.0,1.0
286,Equinor ASA,Q1776022,0,False,nothing,-63.685,-1,-1.0,-1.0
287,Equity Residential,Q187740,0,False,nothing,-5.64,-1,0.5833333333333334,-0.5
288,Erste Group Bank AG,Q1310001,1,False,nothing,-0.068,0,0.0,0.0
289,Essity AB,Q30938280,1,False,nothing,-26.160000000000004,0,0.0,0.0
290,Etsy Inc,Q1353939,0,False,nothing,110.43166666666669,1,1.0,1.0
291,Eutelsat Communications SA,Q848336,0,False,nothing,35.193333333333335,1,1.0,1.0
292,Everest Re Group Ltd,Q1381973,0,False,nothing,30.950000000000003,1,1.0,1.0
293,Evraz PLC,Q1382653,0,False,nothing,-0.6399999999999992,-1,-1.0,-1.0
294,Exxon Mobil Corp,Q156238,0,False,nothing,-137.8398245614035,-1,0.3157894736842105,-0.5
295,F5 Networks Inc,Q3029296,0,False,nothing,1.58,1,1.0,1.0
296,Facebook Inc,Q355,0,False,nothing,-922.28115,-1,-1.0,-1.0
297,Falabella SA,Q5135229,0,False,nothing,0.0,-1,-1.0,-1.0
298,Faurecia SE,Q142205,0,False,nothing,11.015,1,1.0,1.0
299,Federal Signal Corp,Q1400073,0,False,nothing,0.7599999999999999,1,1.0,1.0
300,Ferguson PLC,Q624682,0,False,nothing,0.0,-1,-1.0,-1.0
301,First Abu Dhabi Bank PJSC,Q29124183,0,False,nothing,0.4649999999999998,1,1.0,1.0
302,First Quantum Minerals Ltd,Q1419532,0,False,nothing,0.4349999999999999,1,1.0,1.0
303,First Republic Bank/CA,Q5453752,0,False,nothing,3.255000000000001,1,1.0,1.0
304,Fiserv Inc,Q1420513,0,False,nothing,200.5425,1,1.0,1.0
305,FleetCor Technologies Inc,Q16838618,0,False,nothing,-0.69,-1,-1.0,-1.0
306,Flowserve Corp,Q1430331,0,False,nothing,34.31999999999999,1,1.0,1.0
307,Ford Motor Co,Q44294,0,False,nothing,-66.73283018867924,-1,-1.0,-1.0
308,Fortescue Metals Group Ltd,Q1438957,0,False,nothing,3.978333333333334,1,1.0,1.0
309,Fortinet Inc,Q2749364,0,False,nothing,187.13,1,1.0,1.0
310,Fortive Corp,Q27919383,0,False,nothing,41.55,1,1.0,1.0
311,Freeport-McMoRan Inc,Q1453620,0,False,nothing,-3.4599999999999973,-1,-1.0,-1.0
312,Fresenius Medical Care AG & Co KGaA,Q650259,1,False,nothing,-60.55333333333334,0,0.0,0.0
313,Fresenius SE & Co KGaA,Q705361,1,False,nothing,-3.778928571428572,0,0.0,0.0
314,FUCHS PETROLUB SE,Q878404,0,False,nothing,0.0,-1,-1.0,-1.0
315,FuelCell Energy Inc,Q16993862,0,False,nothing,-37.66714285714285,-1,-1.0,-1.0
316,Fuji Electric Co Ltd,Q498662,0,False,nothing,0.0,-1,-1.0,-1.0
317,Galapagos NV,Q5517961,0,False,nothing,9.4,1,1.0,1.0
318,Gartner Inc,Q174198,0,False,nothing,-18.28277777777777,-1,-1.0,-1.0
319,Gazprom PJSC,Q102673,0,False,nothing,-53.91244897959184,-1,-0.5,-1.0
320,Geberit AG,Q464905,1,False,nothing,-2.4,0,0.0,0.0
321,Geely Automobile Holdings Ltd,Q739000,0,False,nothing,9.8525,1,1.0,1.0
323,General Electric Co,Q54173,0,False,nothing,13.7284,1,1.0,1.0
324,General Mills Inc,Q629998,1,False,nothing,-17.877142857142857,0,0.0,0.0
325,General Motors Co,Q81965,0,False,nothing,-92.78060344827584,-1,-1.0,-1.0
326,GFL Environmental Inc,Q25001278,0,False,nothing,30.76000000000001,1,1.0,1.0
327,Gilead Sciences Inc,Q663596,1,False,nothing,-11.901999999999996,0,0.0,0.0
328,Givaudan SA,Q509544,0,False,nothing,39.43333333333334,1,1.0,1.0
329,GlaxoSmithKline PLC,Q212322,1,False,nothing,-244.9448,0,0.0,0.0
330,Global Payments Inc,Q5570544,0,False,nothing,12.660000000000002,1,1.0,1.0
331,GN Store Nord AS,Q1544339,0,False,nothing,18.24,1,1.0,1.0
332,Golden Agri-Resources Ltd,Q17039222,1,False,nothing,-17.92,0,0.6666666666666666,0.5
333,Goldman Sachs Group Inc,Q193326,0,False,nothing,-26.07679487179487,-1,0.0,-0.5
334,Goodman Group,Q3110722,0,False,nothing,-1.4880000000000002,-1,-1.0,-1.0
335,Goodyear Tire & Rubber Co,Q620875,0,False,nothing,-64.32444444444444,-1,-1.0,-1.0
336,GrafTech International Ltd,Q5592433,0,False,nothing,94.095,1,1.0,1.0
337,Graphic Packaging Holding Co,Q5597139,0,False,nothing,9.0,1,1.0,1.0
338,Grasim Industries Ltd,Q906943,0,True,122 Operational S HGs Sustainable Livelihoods inputs are maintain 100 biogas plants at Na gda and Reh la and 6 059 SD G 1 No Poverty and SD G 2 Zero Hunger We familiaris e through better 5 Women empowerment and gender equality S HGs in goat farming dairy loom 6362 Healthcare 11 538 people and performed examined 4 797 students on their health department our Mother and planned enlisted 34 158 3 Good Health and Well being 2 81 323 Patients treated through splendid Infrastructure DevelopmentS D G 9 Industry Innovation and Infrastructure aided 73 959 Village sSD G 6 Clean Water and Sanitation SD G 7 Affordable and Clean Energy and SD G 8 Decent Work and Economic Growth Water Positiv it y and beyond is one of the most 6564 Case Studies Check Dam Pi plod a MC FT,13.15,2,2.0,2.0
339,Great Portland Estates PLC,Q5599804,0,False,nothing,25.41,1,1.0,1.0
340,Greencore Group PLC,Q5603798,1,False,nothing,-97.5,0,0.0,0.0
341,Greif Inc,Q20486914,0,False,nothing,7.92,1,1.0,1.0
342,Grieg Seafood ASA,Q5608696,1,False,nothing,-0.2199999999999997,0,0.0,0.0
343,Grifols SA,Q901262,1,False,nothing,-0.1157142857142857,0,0.0,0.0
344,Gruma SAB de CV,Q545402,1,False,nothing,0.0,0,0.0,0.0
345,Grupo Bimbo SAB de CV,Q775031,1,False,nothing,-7.199999999999999,0,0.0,0.0
346,Grupo Televisa SAB,Q47099,0,False,nothing,140.78666666666666,1,1.0,1.0
347,GS Yuasa Corp,Q931156,0,False,nothing,12.86,1,1.0,1.0
348,Gudang Garam Tbk PT,Q1553005,0,False,nothing,-1.41,-1,-1.0,-1.0
349,Haier Smart Home Co Ltd,Q1143211,0,False,nothing,-2.6236363636363635,-1,-1.0,-1.0
350,Halliburton Co,Q656165,0,False,nothing,103.50571428571432,1,0.3157894736842105,1.0
351,Halma PLC,Q5643254,0,False,nothing,8.77,1,1.0,1.0
352,Hana Financial Group Inc,Q490601,1,False,nothing,-6.78,0,0.0,0.0
353,Hanesbrands Inc,Q5647768,0,False,nothing,91.32,1,1.0,1.0
354,Hankook Tire & Technology Co Ltd,Q493094,0,False,nothing,-1.2600000000000002,-1,0.0,-0.5
355,Hapvida Participacoes e Investimentos SA,Q10293878,0,False,nothing,0.0,-1,-1.0,-1.0
356,HCA Healthcare Inc,Q1630431,0,False,nothing,-331.52,-1,-1.0,-1.0
357,HCL Technologies Ltd,Q5629103,0,False,nothing,71.18666666666667,1,1.0,1.0
358,Healthpeak Properties Inc,Q16975567,1,False,nothing,0.0,0,0.5833333333333334,0.5
359,HeidelbergCement AG,Q632233,0,False,nothing,-7.229999999999999,-1,-1.0,-1.0
360,HelloFresh SE,Q23014836,0,False,nothing,22.22,1,1.0,1.0
361,Helvetia Holding AG,Q933766,0,False,nothing,0.0,-1,-1.0,-1.0
362,Henderson Land Development Co Ltd,Q1604969,0,False,nothing,-2.4800000000000004,-1,-1.0,-1.0
363,Henkel AG & Co KGaA,Q276507,1,False,nothing,36.92000000000001,2,2.0,2.0
364,Hexcel Corp,Q5748967,0,False,nothing,0.2164705882352941,1,1.0,1.0
365,Hilton Worldwide Holdings Inc,Q1057464,0,False,nothing,160.74125000000004,1,1.0,1.0
366,HKT Trust & HKT Ltd,Q5895075,0,False,nothing,6.56,1,1.0,1.0
367,Hokuetsu Corp,Q11404108,0,False,nothing,0.0,-1,-1.0,-1.0
368,Holcim Ltd,Q267818,0,False,nothing,-29.965714285714284,-1,-1.0,-1.0
369,Holmen AB,Q1467848,0,False,nothing,0.0,-1,-1.0,-1.0
370,Hologic Inc,Q5884072,1,False,nothing,1024.4266666666665,2,2.0,2.0
371,Home Depot Inc,Q864407,0,False,nothing,-8.771764705882356,-1,-1.0,-1.0
372,HomeServe PLC,Q5890431,0,False,nothing,13.175000000000002,1,1.0,1.0
373,Honda Motor Co Ltd,Q9584,0,False,nothing,157.8421052631579,1,1.0,1.0
374,Housing Development Finance Corp Ltd,Q1446319,0,False,nothing,2.028,1,1.0,1.0
375,Howmet Aerospace Inc,Q25104597,0,False,nothing,3.46,1,1.0,1.0
376,HP Inc,Q21404084,0,False,nothing,-9.0,-1,-1.0,-1.0
377,HSBC Holdings PLC,Q190464,0,False,nothing,-22.74875,-1,-1.0,-1.0
378,HUGO BOSS AG,Q491627,0,False,nothing,-4.983333333333333,-1,-1.0,-1.0
379,Huntsman Corp,Q851361,0,False,nothing,5.764999999999999,1,1.0,1.0
380,Hydro One Ltd,Q3143709,0,False,nothing,9.409999999999998,1,1.0,1.0
381,Hyundai Mobis Co Ltd,Q497534,0,False,nothing,-1.46,-1,0.3333333333333333,-0.5
382,Hyundai Motor Co,Q55931,0,False,nothing,18.971384615384626,1,0.3333333333333333,1.0
383,Iberdrola SA,Q1437502,0,False,nothing,-36.333333333333336,-1,-1.0,-1.0
384,ICICI Bank Ltd,Q1653258,0,False,nothing,10.495454545454546,1,1.0,1.0
385,IDEX Corp,Q5970002,0,False,nothing,156.81714285714287,1,1.0,1.0
386,IDEXX Laboratories Inc,Q1758392,0,False,nothing,825.0899999999999,1,1.0,1.0
387,iHeartMedia Inc,Q477993,0,False,nothing,10.723583333333332,1,1.0,1.0
388,II-VI Inc,Q15109887,0,False,nothing,0.7142857142857143,1,1.0,1.0
389,Illinois Tool Works Inc,Q1510378,0,False,nothing,238.86000000000004,1,1.0,1.0
390,Illumina Inc,Q2068984,0,False,nothing,-16.461111111111123,-1,-1.0,-1.0
391,Imperial Brands PLC,Q1471161,0,False,nothing,-61.32000000000001,-1,0.5,-0.5
392,Industria de Diseno Textil SA,Q44504,0,False,nothing,-19.098,-1,-1.0,-1.0
393,Industrial & Commercial Bank of China Ltd,Q26463,1,False,nothing,-29.785714285714285,0,0.0,0.0
394,Inficon Holding AG,Q1404191,0,False,nothing,0.0,-1,-1.0,-1.0
395,Infineon Technologies AG,Q311394,0,False,nothing,26.42,1,0.0,0.5
396,Inner Mongolia Yili Industrial Group Co Ltd,Q1231406,1,False,nothing,59.15,2,2.0,2.0
397,Innergex Renewable Energy Inc,Q3151374,0,False,nothing,1.938,1,1.0,1.0
398,Intel Corp,Q248,0,False,nothing,21.950392156862744,1,1.0,1.0
399,InterContinental Hotels Group PLC,Q1424962,0,False,nothing,74.64999999999999,1,1.0,1.0
400,International Business Machines Corp,Q37156,0,False,nothing,179.06525000000002,1,0.3157894736842105,1.0
401,International Paper Co,Q202972,0,False,nothing,83.81,1,1.0,1.0
402,Intesa Sanpaolo SpA,Q1343118,1,False,nothing,50.82,2,2.0,2.0
403,Intrum AB,Q1671623,0,False,nothing,16.2,1,1.0,1.0
404,Intuitive Surgical Inc,Q2743863,1,False,nothing,10.859999999999998,2,2.0,2.0
405,IPG Photonics Corp,Q5973024,0,False,nothing,4.4300000000000015,1,1.0,1.0
406,IQVIA Holdings Inc,Q305473,0,False,nothing,13.100000000000003,1,1.0,1.0
407,ISS A/S,Q9956,0,False,nothing,-0.8,-1,-1.0,-1.0
408,ITC Ltd,Q1655008,1,False,nothing,35.26571428571428,2,0.5,2.0
409,ITM Power PLC,Q5974865,0,False,nothing,-5.120000000000001,-1,-1.0,-1.0
410,Itron Inc,Q5923178,0,False,nothing,15.105,1,1.0,1.0
411,Japan Tobacco Inc,Q898568,0,False,nothing,3.38,1,1.0,1.0
412,Jardine Matheson Holdings Ltd,Q1683452,0,False,nothing,0.3350000000000026,1,0.6666666666666666,1.0
413,Jazz Pharmaceuticals PLC,Q16255113,1,False,nothing,18.71333333333333,2,2.0,2.0
414,JBS SA,Q1676554,1,False,nothing,-55.9025,0,0.0,0.0
415,JELD-WEN Holding Inc,Q1612593,0,False,nothing,13.400000000000002,1,1.0,1.0
416,Johnson Controls International plc,Q667865,0,False,nothing,74.904,1,1.0,1.0
417,Johnson Matthey PLC,Q502470,0,False,nothing,29.325,1,1.0,1.0
418,Johnson Outdoors Inc,Q19654979,0,False,nothing,13.965,1,1.0,1.0
419,JPMorgan Chase & Co,Q192314,0,False,nothing,-36.82178082191781,-1,-0.42857142857142855,-1.0
420,JSW Steel Ltd,Q6108978,0,False,nothing,11.496666666666664,1,1.0,1.0
421,Jyske Bank A/S,Q136672,1,False,nothing,11.28,2,2.0,2.0
422,Kaiser Aluminum Corp,Q6348410,0,False,nothing,-0.4844444444444444,-1,-1.0,-1.0
424,KB Home,Q6326486,0,False,nothing,42.03,1,1.0,1.0
425,Kemira Oyj,Q905801,0,False,nothing,2.1,1,1.0,1.0
426,Kering SA,Q931207,0,False,nothing,-9.36,-1,-1.0,-1.0
427,Keyence Corp,Q1475699,0,False,nothing,13.410000000000002,1,1.0,1.0
428,Kia Corp,Q35349,0,False,nothing,58.753958333333344,1,0.3333333333333333,1.0
429,Kimberly-Clark Corp,Q1741634,1,False,nothing,-4.693076923076922,0,0.0,0.0
430,Kinder Morgan Inc,Q931032,0,False,nothing,-29.279999999999998,-1,-1.0,-1.0
431,Kingspan Group PLC,Q6413386,0,False,nothing,-37.333333333333336,-1,-1.0,-1.0
432,Klabin SA,Q1474718,0,False,nothing,0.0,-1,-1.0,-1.0
433,Knorr-Bremse AG,Q256290,0,False,nothing,-13.38,-1,-1.0,-1.0
434,Komatsu Ltd,Q162257,0,False,nothing,12.02,1,1.0,1.0
435,Kone Oyj,Q1146592,0,False,nothing,13.26,1,1.0,1.0
436,Koninklijke Ahold Delhaize NV,Q20539261,1,False,nothing,43.09,2,2.0,2.0
437,Korea Electric Power Corp,Q486737,0,False,nothing,-6.88,-1,-1.0,-1.0
438,Kraft Heinz Co,Q19681433,1,False,nothing,-1.3983333333333334,0,0.3157894736842105,0.5
439,Kraton Corp,Q2417728,0,False,nothing,51.96,1,1.0,1.0
440,Kroger Co,Q153417,1,True,Through our Zero Hunger Zero Waste social and environmental impact plan we are committed to helping create communities free of hunger and waste,-11.506,1,1.0,1.0
441,Kunlun Energy Co Ltd,Q1792238,0,False,nothing,0.0,-1,-1.0,-1.0
442,Kurita Water Industries Ltd,Q6446085,0,False,nothing,13.95,1,1.0,1.0
443,Kweichow Moutai Co Ltd,Q1518607,0,False,nothing,-8.7,-1,-1.0,-1.0
444,Lamb Weston Holdings Inc,Q3216600,0,False,nothing,36.00000000000001,1,1.0,1.0
445,Lattice Semiconductor Corp,Q747207,0,False,nothing,20.1,1,1.0,1.0
446,Lear Corp,Q502344,0,False,nothing,7.36,1,1.0,1.0
447,LendingTree Inc,Q6522339,0,False,nothing,21.9225,1,1.0,1.0
448,Lennar Corp,Q16981175,0,False,nothing,-4.48,-1,-1.0,-1.0
449,Lenovo Group Ltd,Q14799,0,False,nothing,-25.154,-1,-1.0,-1.0
450,LG Chem Ltd,Q486976,0,False,nothing,-32.25,-1,-1.0,-1.0
451,Linde PLC,Q682759,0,False,nothing,-24.14,-1,-1.0,-1.0
452,Live Nation Entertainment Inc,Q1061903,0,False,nothing,-30.046000000000003,-1,-1.0,-1.0
453,LKQ Corp,Q20711490,0,False,nothing,-27.17,-1,-1.0,-1.0
454,Lloyds Banking Group PLC,Q1152764,0,False,nothing,-2.6533333333333338,-1,-1.0,-1.0
455,London Stock Exchange Group PLC,Q5573225,0,False,nothing,2.1374999999999997,1,1.0,1.0
456,Longfor Group Holdings Ltd,Q11180568,0,False,nothing,-2.5200000000000005,-1,-1.0,-1.0
457,LONGi Green Energy Technology Co Ltd,Q28207127,0,False,nothing,-4.48,-1,-1.0,-1.0
458,Lotte Chemical Corp,Q482841,0,False,nothing,-34.32,-1,-1.0,-1.0
459,Louisiana-Pacific Corp,Q1872227,0,False,nothing,-5.725,-1,-1.0,-1.0
460,LUKOIL PJSC,Q329347,0,False,nothing,-23.225,-1,-1.0,-1.0
461,Lumen Technologies Inc,Q5063092,0,False,nothing,-350.68666666666667,-1,-1.0,-1.0
462,Lumentum Holdings Inc,Q3156887,0,False,nothing,-4.420000000000001,-1,-1.0,-1.0
463,Lundin Energy AB,Q253423,0,False,nothing,49.44,1,1.0,1.0
464,Luzhou Laojiao Co Ltd,Q4260724,0,False,nothing,-3.08,-1,-1.0,-1.0
465,LyondellBasell Industries NV,Q899255,0,False,nothing,-4.14,-1,-1.0,-1.0
466,Magna International Inc,Q697311,0,False,nothing,-19.64,-1,-1.0,-1.0
467,Mapfre SA,Q544532,0,False,nothing,-8.600000000000001,-1,-1.0,-1.0
468,Mapletree Logistics Trust,Q6754089,0,False,nothing,1.09,1,1.0,1.0
469,Marfrig Global Foods SA,Q3064573,1,False,nothing,-101.76,0,0.0,0.0
470,Marriott International Inc/MD,Q1141173,0,False,nothing,61.423,1,1.0,1.0
471,Marvell Technology Inc,Q1347782,0,False,nothing,6.840000000000001,1,1.0,1.0
472,Masco Corp,Q6782872,1,False,nothing,14.085,2,2.0,2.0
473,Mastercard Inc,Q489921,0,False,nothing,1.267999999999997,1,1.0,1.0
474,Maxim Integrated Products Inc,Q1784671,0,False,nothing,258.44,1,1.0,1.0
475,Maximus Inc,Q6795931,0,False,nothing,27.410000000000004,1,1.0,1.0
476,MDC Holdings Inc,Q6715131,0,False,nothing,46.815,1,1.0,1.0
477,MediaTek Inc,Q699848,0,False,nothing,22.55476190476191,1,1.0,1.0
478,Medical Properties Trust Inc,Q30693638,0,False,nothing,-4.38,-1,-1.0,-1.0
479,MEDNAX Inc,Q16981865,0,False,nothing,-1.790000000000001,-1,-1.0,-1.0
480,Medtronic PLC,Q642189,1,False,nothing,49.288,2,2.0,2.0
481,Meituan,Q15907772,0,False,nothing,-31.608,-1,-1.0,-1.0
482,Mercer International Inc,Q1391599,0,False,nothing,-26.91,-1,-1.0,-1.0
483,MetLife Inc,Q607131,0,False,nothing,62.39200000000001,1,1.0,1.0
484,METRO AG,Q169167,1,False,nothing,-0.5,0,0.0,0.0
485,Metro Pacific Investments Corp,Q6824659,0,False,nothing,5.415000000000001,1,1.0,1.0
486,MGM China Holdings Ltd,Q4043414,0,False,nothing,-0.76,-1,-1.0,-1.0
487,MGM Resorts International,Q568532,0,False,nothing,48.873000000000005,1,1.0,1.0
488,Microchip Technology Inc,Q1545076,0,False,nothing,-1.22,-1,-1.0,-1.0
489,Microsoft Corp,Q2283,0,False,nothing,-60.329545454545446,-1,0.3157894736842105,-0.5
490,Midea Group Co Ltd,Q2609533,0,False,nothing,119.51333333333332,1,1.0,1.0
491,Millicom International Cellular SA,Q276345,0,False,nothing,5.893333333333331,1,1.0,1.0
492,Mitsubishi Estate Co Ltd,Q304962,0,False,nothing,19.32,1,1.0,1.0
493,Mitsubishi UFJ Financial Group Inc,Q1542175,1,False,nothing,8.962,2,0.3157894736842105,2.0
494,Mitsui Fudosan Co Ltd,Q1812986,0,False,nothing,3.38,1,1.0,1.0
495,Mizrahi Tefahot Bank Ltd,Q2777129,1,False,nothing,0.0,0,0.0,0.0
496,Mobile TeleSystems PJSC,Q1368919,0,False,nothing,12.02,1,1.0,1.0
497,Molson Coors Beverage Co,Q3319685,0,False,nothing,14.835,1,1.0,1.0
498,Mondelez International Inc,Q12857502,0,False,nothing,8.625,1,1.0,1.0
499,Mondi PLC,Q779252,0,False,nothing,18.285,1,0.0,0.5
500,Monolithic Power Systems Inc,Q22058448,0,False,nothing,-0.1542857142857143,-1,-1.0,-1.0
501,Morgan Stanley,Q334204,0,True,The bond brings to life our new Social Bond Framework designed to contribute directly to SD G 11 Sustainable Cities and Communities and indirectly to SD G 1 No Poverty 10 Reduced Inequalities,1.6194117647058817,2,0.3157894736842105,2.0
502,Mowi ASA,Q776750,1,False,nothing,30.18,2,2.0,2.0
503,MTN Group,Q1813361,1,False,nothing,-55.131875,0,0.0,0.0
504,Muangthai Capital PCL,Q6930725,1,False,nothing,0.0,0,0.0,0.0
505,Mueller Water Products Inc,Q16982326,0,False,nothing,0.8218181818181818,1,1.0,1.0
506,Murphy Oil Corp,Q951259,0,False,nothing,4.105,1,1.0,1.0
507,Myriad Genetics Inc,Q3331496,0,False,nothing,-60.5,-1,-1.0,-1.0
508,Nabors Industries Ltd,Q1962059,0,False,nothing,89.925,1,1.0,1.0
509,Nasdaq Inc,Q1472929,0,False,nothing,76.63,1,1.0,1.0
510,Naspers Ltd,Q1965898,0,False,nothing,63.333333333333336,1,-0.42857142857142855,0.5
511,National Australia Bank Ltd,Q1430985,0,False,nothing,-37.781,-1,-1.0,-1.0
512,National Bank of Canada,Q634298,0,False,nothing,22.955000000000005,1,1.0,1.0
513,National Bank of Kuwait SAKP,Q4045072,0,False,nothing,39.3,1,1.0,1.0
514,National Grid PLC,Q1465461,0,False,nothing,-85.8825,-1,-1.0,-1.0
515,Naturgy Energy Group SA,Q474690,0,False,nothing,-13.32,-1,-1.0,-1.0
516,Natwest Group PLC,Q13218598,0,False,nothing,-11.5275,-1,-1.0,-1.0
517,Navigator Co SA,Q686182,1,False,nothing,-18.360000000000003,0,0.0,0.0
518,NCR Corp,Q524989,0,False,nothing,316.8475,1,1.0,1.0
519,NEL ASA,Q30259493,0,False,nothing,-1.02,-1,-1.0,-1.0
520,Nemak SAB de CV,Q21010157,0,False,nothing,2.893333333333333,1,1.0,1.0
521,Neoen SA,Q39938677,0,False,nothing,-4.0200000000000005,-1,-1.0,-1.0
522,Neste Oyj,Q616376,0,False,nothing,18.258333333333336,1,1.0,1.0
523,NetEase Inc,Q196259,0,False,nothing,40.58,1,1.0,1.0
524,Netflix Inc,Q907311,0,False,nothing,-0.3187307032590015,-1,0.3157894736842105,-0.5
525,New World Development Co Ltd,Q752084,0,False,nothing,-6.400000000000001,-1,-1.0,-1.0
526,Newell Brands Inc,Q667599,0,False,nothing,-13.355000000000002,-1,-1.0,-1.0
527,Nexans SA,Q141644,0,False,nothing,72.36,1,1.0,1.0
528,Nexteer Automotive Group Ltd,Q16923629,0,False,nothing,-62.42000000000001,-1,-1.0,-1.0
529,NextEra Energy Inc,Q967868,0,False,nothing,353.45625000000007,1,1.0,1.0
530,Nidec Corp,Q3341241,0,False,nothing,24.59714285714286,1,1.0,1.0
531,Nielsen Holdings PLC,Q540891,0,False,nothing,-15.1275,-1,-1.0,-1.0
532,NIKE Inc,Q483915,0,False,nothing,30.385471698113204,1,1.0,1.0
533,Nine Dragons Paper Holdings Ltd,Q4972947,0,False,nothing,-9.04,-1,-1.0,-1.0
534,Nintendo Co Ltd,Q8093,0,False,nothing,112.01617647058822,1,1.0,1.0
535,NIO Inc,Q29921278,0,False,nothing,32.25363636363637,1,-0.42857142857142855,0.5
536,Nippon Paper Industries Co Ltd,Q1993312,1,False,nothing,-5.355,0,0.0,0.0
537,Nippon Prologis REIT Inc,Q16983765,0,False,nothing,10.856666666666667,1,1.0,1.0
538,NN Group NV,Q1834291,0,False,nothing,-11.840000000000002,-1,-1.0,-1.0
539,Nokia Oyj,Q1418,0,False,nothing,47.65375,1,1.0,1.0
540,Nordea Bank Abp,Q1123823,1,False,nothing,3.6400000000000015,2,1.5,2.0
541,Nordic Semiconductor ASA,Q3425637,0,False,nothing,1.695,1,1.0,1.0
542,Northland Power Inc,Q7059529,0,False,nothing,7.51,1,1.0,1.0
543,Northwest Natural Holding Co,Q6955989,0,False,nothing,39.30666666666667,1,1.0,1.0
544,Norway Royal Salmon ASA,Q17072149,1,False,nothing,-0.64,0,0.0,0.0
545,Novartis AG,Q507154,1,False,nothing,0.4616666666666636,2,2.0,2.0
546,Novatek PJSC,Q251546,0,False,nothing,-0.8940000000000001,-1,-0.5,-1.0
547,Novo Nordisk A/S,Q818846,1,False,nothing,-33.9,0,0.0,0.0
548,Novolipetsk Steel PJSC,Q1768082,0,False,nothing,-5.8475,-1,-1.0,-1.0
549,Novozymes A/S,Q45576,0,False,nothing,35.205,1,1.0,1.0
550,NRG Energy Inc,Q6955139,0,False,nothing,34.53999999999999,1,1.0,1.0
551,NTPC Ltd,Q1967805,0,False,nothing,-0.4450000000000003,-1,-1.0,-1.0
552,Nufarm Ltd/Australia,Q900401,0,False,nothing,16.3,1,1.0,1.0
553,NVIDIA Corp,Q182477,0,False,nothing,66.7954716981132,1,1.0,1.0
554,NXP Semiconductors NV,Q1155668,0,False,nothing,7.063333333333328,1,1.0,1.0
555,O-I Glass Inc,Q180106,0,False,nothing,6.63,1,1.0,1.0
556,Oasis Petroleum Inc,Q20486933,0,False,nothing,0.776470588235294,1,1.0,1.0
557,Occidental Petroleum Corp,Q2013357,0,False,nothing,-374.0033333333333,-1,-1.0,-1.0
558,Oji Holdings Corp,Q385101,1,False,nothing,-0.4266666666666667,0,0.0,0.0
559,Olin Corp,Q7086908,0,False,nothing,-3.6,-1,-1.0,-1.0
560,Olympus Corp,Q688619,1,False,nothing,220.12,2,0.6666666666666666,2.0
561,OMV AG,Q168238,0,False,nothing,-77.8425,-1,-1.0,-1.0
563,Ono Pharmaceutical Co Ltd,Q11464265,1,False,nothing,9.96,2,2.0,2.0
564,Onto Innovation Inc,Q7377461,0,False,nothing,0.6000000000000001,1,1.0,1.0
565,Ooredoo QPSC,Q919935,1,False,nothing,1.423999999999999,2,2.0,2.0
566,Open Text Corp,Q2025791,0,False,nothing,153.16500000000002,1,1.0,1.0
567,Oracle Corp,Q19900,0,False,nothing,-58.33827586206896,-1,-1.0,-1.0
568,Orange SA,Q1431486,0,False,nothing,116.01,1,1.0,1.0
569,Orbia Advance Corp SAB de CV,Q3307676,0,False,nothing,0.5333333333333333,1,1.0,1.0
570,Origin Energy Ltd,Q847931,0,False,nothing,-15.635000000000002,-1,-1.0,-1.0
571,Origin Enterprises PLC,Q7102461,0,False,nothing,0.3466666666666667,1,1.0,1.0
572,OTP Bank Nyrt,Q912778,1,False,nothing,8.975000000000001,2,2.0,2.0
573,Outfront Media Inc,Q23090931,0,False,nothing,-2.76,-1,-1.0,-1.0
574,Oversea-Chinese Banking Corp Ltd,Q2042423,0,False,nothing,56.1375,1,1.0,1.0
575,Owens Corning,Q7114736,0,False,nothing,3.306666666666666,1,1.0,1.0
576,PACCAR Inc,Q1477661,0,False,nothing,91.945,1,1.0,1.0
577,Packaging Corp of America,Q16983334,0,False,nothing,24.3,1,1.0,1.0
578,Palo Alto Networks Inc,Q7128508,0,False,nothing,-24.4512,-1,-1.0,-1.0
579,Panasonic Corp,Q53247,0,False,nothing,56.24839999999999,1,1.0,1.0
580,Parker-Hannifin Corp,Q1470619,0,False,nothing,2.090666666666667,1,1.0,1.0
581,PayPal Holdings Inc,Q483959,0,False,nothing,6.076875000000001,1,0.0,0.5
582,Pennon Group PLC,Q278810,0,False,nothing,-7.140000000000001,-1,-1.0,-1.0
583,Pentair PLC,Q7165001,1,False,nothing,27.11,2,2.0,2.0
584,PepsiCo Inc,Q334800,1,False,nothing,25.00681818181818,2,1.5,2.0
585,Performance Food Group Co,Q2070689,1,False,nothing,66.76,2,2.0,2.0
586,PerkinElmer Inc,Q2066858,0,False,nothing,299.64,1,1.0,1.0
587,Pernod Ricard SA,Q837049,0,False,nothing,9.186666666666666,1,1.0,1.0
588,Perusahaan Gas Negara Tbk PT,Q13095961,0,False,nothing,0.57,1,1.0,1.0
589,PetroChina Co Ltd,Q503182,0,False,nothing,-27.093333333333334,-1,-1.0,-1.0
590,Petroleo Brasileiro SA,Q210047,0,False,nothing,-14.316842105263158,-1,-1.0,-1.0
591,Petronet LNG Ltd,Q7179027,0,False,nothing,-3.22,-1,-1.0,-1.0
592,Pfizer Inc,Q206921,1,True,Lead the conversation Unbranded Social Video Series Empowers People Living With Chronic Inflammatory Diseases to Demand More Chairman CEO Letter Our 2019 Patient Impact Chairman CEO Letter Advancing Our Pipeline Chairman CEO Letter Our Global Footprint Chairman CEO Letter Creating Shareholder Value Chairman CEO Letter Being a responsible corporate citizen Responsibility and Transparency AMR Road map Unleash the power of our people DI by the Numbers Goal 1 No Poverty End poverty in all its forms everywhere Goal 3 Good Health and Well Being Ensure healthy lives and promote well being for all at all ages Goal 4 Quality Education Ensure inclusive and equitable quality education and promote lifelong learning opportunities for all Goal 5 Gender Equality Achieve gender equality and empower all women and girls Goal 12 Responsible Consumption Production Ensure sustainable consumption and production patterns Goal 13 Climate Action Take urgent action to combat climate change and its impacts Goal 10 Reduced Inequalities Reduce inequality within and among countries Goal 8 Decent Work and Economic Growth Promote sustained inclusive and sustainable economic growth full and productive employment and decent work for all Goal 16 Peace Justice and Strong Institutions Promote peaceful and inclusive societies for sustainable development provide access to justice,-81.51545685279189,1,0.3157894736842105,1.0
593,PG&E Corp,Q1815011,0,False,nothing,-316.447,-1,-1.0,-1.0
594,Philip Morris International Inc,Q1852556,0,False,nothing,28.530000000000005,1,1.0,1.0
595,Phillips 66,Q1656230,0,False,nothing,18.222857142857144,1,0.3157894736842105,1.0
596,Plug Power Inc,Q7205253,0,False,nothing,145.17363636363638,1,1.0,1.0
597,PNC Financial Services Group Inc,Q38928,0,False,nothing,-119.91875000000002,-1,-1.0,-1.0
598,Polymetal International PLC,Q2380266,0,False,nothing,2.76,1,1.0,1.0
599,Polyus PJSC,Q2005769,0,False,nothing,3.0900000000000007,1,1.0,1.0
600,Pool Corp,Q1471346,0,False,nothing,30.44333333333334,1,1.0,1.0
601,Post Holdings Inc,Q27988145,1,False,nothing,37.06000000000001,2,2.0,2.0
602,Power Grid Corp of India Ltd,Q3400886,0,False,nothing,13.067500000000004,1,1.0,1.0
603,Power Integrations Inc,Q30265954,0,False,nothing,1.4,1,1.0,1.0
604,PPG Industries Inc,Q48754,0,False,nothing,26.20800000000001,1,1.0,1.0
605,Premier Foods PLC,Q7240301,1,False,nothing,-11.72,0,0.0,0.0
606,Primo Water Corp,Q2071102,1,False,nothing,0.8672727272727272,2,2.0,2.0
607,Prologis Inc,Q16983765,0,False,nothing,10.856666666666667,1,0.5833333333333334,1.0
608,Prosus NV,Q67389109,0,False,nothing,-9.88,-1,-1.0,-1.0
609,Prudential PLC,Q1374135,0,False,nothing,59.1,1,1.0,1.0
610,Prysmian SpA,Q1964784,0,False,nothing,-31.36,-1,-1.0,-1.0
611,PTC Inc,Q1760641,0,False,nothing,125.076,1,1.0,1.0
612,PTT Exploration & Production PCL,Q6579845,0,False,nothing,2.965,1,0.3333333333333333,1.0
613,PTT Global Chemical PCL,Q16306121,0,False,nothing,21.29,1,0.3333333333333333,1.0
614,PTT PCL,Q1810389,0,False,nothing,-10.485000000000005,-1,0.3333333333333333,-0.5
615,PulteGroup Inc,Q7259716,0,False,nothing,40.67,1,1.0,1.0
616,Puma SE,Q157064,0,False,nothing,42.50230769230769,1,1.0,1.0
617,PVH Corp,Q1132272,0,False,nothing,64.71000000000001,1,1.0,1.0
618,Qatar Gas Transport Co Ltd,Q6960637,0,False,nothing,4.0200000000000005,1,1.0,1.0
619,Qatar National Bank QPSC,Q1136759,0,False,nothing,-18.0,-1,-1.0,-1.0
620,Qorvo Inc,Q18169198,0,False,nothing,0.0327272727272727,1,1.0,1.0
621,QUALCOMM Inc,Q544847,0,False,nothing,52.444893617021286,1,1.0,1.0
622,Quebecor Inc,Q912476,0,False,nothing,2.9866666666666646,1,1.0,1.0
623,Raiffeisen Bank International AG,Q2127528,0,True,As a result RBI predominantly sees opportunities but no significant risks in its role as a corporate eradication of poverty integration and solidarity are important goals of our social commitment,6.006666666666668,2,2.0,2.0
624,Range Resources Corp,Q4048013,0,False,nothing,-18.270000000000003,-1,-1.0,-1.0
625,Rayonier Inc,Q7299366,0,False,nothing,43.89333333333334,1,1.0,1.0
626,Reckitt Benckiser Group PLC,Q1190881,1,False,nothing,11.230000000000002,2,2.0,2.0
627,Regal Beloit Corp,Q7307899,0,False,nothing,0.7,1,1.0,1.0
628,Reliance Industries Ltd,Q908931,0,False,nothing,-11.84125,-1,-1.0,-1.0
629,Reliance Worldwide Corp Ltd,Q107261056,0,False,nothing,29.16,1,1.0,1.0
630,RELX PLC,Q998470,0,False,nothing,14.339999999999998,1,1.0,1.0
631,Renault SA,Q6686,0,False,nothing,-5.846829268292684,-1,-1.0,-1.0
632,Renesas Electronics Corp,Q1196269,0,False,nothing,22.919,1,1.0,1.0
633,Repsol SA,Q174747,0,False,nothing,-18.83,-1,-1.0,-1.0
634,Republic Services Inc,Q7314415,0,False,nothing,246.09,1,1.0,1.0
635,Restaurant Brands International Inc,Q18619470,0,False,nothing,4.35,1,1.0,1.0
636,Rexnord Corp,Q28207096,0,False,nothing,25.30666666666666,1,1.0,1.0
637,Rinnai Corp,Q795243,0,False,nothing,60.49999999999999,1,1.0,1.0
638,Rio Tinto PLC,Q821293,0,False,nothing,-7.585384615384616,-1,-1.0,-1.0
639,Rockwell Automation Inc,Q1529234,0,False,nothing,41.69875,1,0.6666666666666666,1.0
640,ROCKWOOL International A/S,Q255661,0,False,nothing,1.34,1,1.0,1.0
641,Rohm Co Ltd,Q1192667,0,False,nothing,22.57,1,1.0,1.0
642,Rollins Inc,Q7361273,0,False,nothing,2.7866666666666675,1,1.0,1.0
643,Roper Technologies Inc,Q16932392,0,False,nothing,2.84,1,1.0,1.0
644,Rotork PLC,Q7370594,0,False,nothing,1.6363636363636365,1,1.0,1.0
645,Royal Bank of Canada,Q735261,0,False,nothing,5.581999999999998,1,1.0,1.0
646,Royal Caribbean Cruises Ltd,Q427881,0,False,nothing,-12.021428571428572,-1,-1.0,-1.0
648,RWE AG,Q138133,0,False,nothing,-131.9,-1,-1.0,-1.0
649,Saipem SpA,Q2213203,0,False,nothing,15.990000000000002,1,1.0,1.0
650,salesforce.com Inc,Q941127,0,False,nothing,20.41363636363636,1,1.0,1.0
651,Salmar ASA,Q7403259,1,True,This means that the company respects labour rights opposes any form of child labour forced labour or discrimination avoids corruption and is considerate of the environment,0.0199999999999997,3,3.0,3.0
652,Sampo Oyj,Q1640495,0,False,nothing,145.47,1,1.5,1.0
653,Samsung Electronics Co Ltd,Q20718,0,False,nothing,-14.575357142857143,-1,-1.0,-1.0
654,Samsung SDI Co Ltd,Q21120876,0,False,nothing,-0.2216666666666666,-1,-1.0,-1.0
655,Sands China Ltd,Q15913951,0,False,nothing,-22.5,-1,-1.0,-1.0
656,Sandvik AB,Q1753718,0,False,nothing,-5.22,-1,-1.0,-1.0
657,Sanofi,Q158205,1,False,nothing,9.963333333333331,2,2.0,2.0
658,Santander Bank Polska SA,Q806653,1,False,nothing,-0.27,0,0.0,0.0
659,Sappi Ltd,Q481472,0,False,nothing,57.79499999999999,1,1.0,1.0
660,Sasol Ltd,Q905998,0,False,nothing,-170.78,-1,-1.0,-1.0
661,Saudi Arabian Oil Co,Q679322,0,False,nothing,-10.911470588235296,-1,-1.0,-1.0
662,Saudi Electricity Co,Q12188903,0,False,nothing,1.6699999999999997,1,1.0,1.0
663,Saudi Telecom Co,Q1535171,0,False,nothing,43.655,1,1.0,1.0
664,SBA Communications Corp,Q7388926,0,False,nothing,-0.96,-1,-1.0,-1.0
666,SBI Cards & Payment Services Ltd,Q7388953,0,False,nothing,8.34,1,0.0,0.5
667,Schindler Holding AG,Q651212,0,False,nothing,0.03,1,1.0,1.0
668,Schlumberger NV,Q1425316,0,False,nothing,150.20999999999998,1,1.0,1.0
669,Schneider Electric SE,Q49053,0,False,nothing,41.3875,1,1.0,1.0
670,SCOR SE,Q920000,0,False,nothing,-1.7699999999999996,-1,-1.0,-1.0
671,Sealed Air Corp,Q7440621,0,False,nothing,14.825,1,1.0,1.0
672,Sekisui House Ltd,Q1539141,0,False,nothing,-0.3499999999999996,-1,-1.0,-1.0
673,Sempra Energy,Q7449804,0,False,nothing,15.680000000000003,1,1.0,1.0
674,Service Corp International/US,Q11306218,0,False,nothing,8.472,1,1.0,1.0
675,ServiceNow Inc,Q7455653,0,False,nothing,873.2266666666668,1,1.0,1.0
676,Severn Trent PLC,Q503077,0,False,nothing,-21.935,-1,0.0,-0.5
677,SGL Carbon SE,Q320207,0,False,nothing,-9.12,-1,-1.0,-1.0
678,SGS SA,Q669620,0,False,nothing,26.902500000000003,1,1.0,1.0
680,Shin-Etsu Chemical Co Ltd,Q904284,0,False,nothing,4.77,1,1.0,1.0
681,Shinhan Financial Group Co Ltd,Q491325,1,False,nothing,-1.62,0,0.0,0.0
682,Shiseido Co Ltd,Q728185,0,False,nothing,35.52000000000001,1,1.0,1.0
683,Siemens Healthineers AG,Q472451,1,False,nothing,0.0,0,0.0,0.0
684,SIG Combibloc Group AG,Q692083,0,False,nothing,-2.4000000000000004,-1,-1.0,-1.0
685,Signify NV,Q2336380,0,False,nothing,-0.11,-1,-1.0,-1.0
686,Sika AG,Q691382,0,False,nothing,-2.52,-1,-1.0,-1.0
687,Silgan Holdings Inc,Q17080741,0,False,nothing,4.223333333333334,1,1.0,1.0
688,Silicon Laboratories Inc,Q2286044,0,False,nothing,3.44,1,1.0,1.0
689,Simpson Manufacturing Co Inc,Q29469208,0,False,nothing,5.04,1,1.0,1.0
690,Singapore Exchange Ltd,Q1515558,0,False,nothing,17.2625,1,0.6666666666666666,1.0
691,Singapore Telecommunications Ltd,Q864923,0,False,nothing,193.455,1,1.0,1.0
692,Sino Biopharmaceutical Ltd,Q10874682,1,False,nothing,-0.63,0,0.0,0.0
693,Sinopharm Group Co Ltd,Q7524930,0,False,nothing,-11.34,-1,0.0,-0.5
694,Sirius XM Holdings Inc,Q3277465,0,False,nothing,87.75785714285715,1,1.0,1.0
695,SK Hynix Inc,Q370719,0,False,nothing,10.0725,1,1.0,1.0
696,SK Telecom Co Ltd,Q493145,0,False,nothing,-7.595999999999999,-1,-1.0,-1.0
697,Skyworks Solutions Inc,Q7538146,0,False,nothing,60.425,1,1.0,1.0
698,SM Energy Co,Q16984687,0,False,nothing,2.75,1,1.0,1.0
699,SMA Solar Technology AG,Q463337,0,False,nothing,0.0,-1,-1.0,-1.0
700,Smiths Group PLC,Q2295406,0,False,nothing,-0.995,-1,-1.0,-1.0
701,Smurfit Kappa Group PLC,Q1536176,0,False,nothing,-10.5,-1,-1.0,-1.0
702,Sodexo SA,Q1475554,0,False,nothing,-17.751666666666672,-1,-1.0,-1.0
703,SoftBank Group Corp,Q201653,0,False,nothing,-17.742962962962967,-1,-0.42857142857142855,-1.0
704,Solvay SA,Q706184,0,False,nothing,-32.835,-1,-1.0,-1.0
705,Sonic Healthcare Ltd,Q7561817,0,False,nothing,7.55,1,1.0,1.0
706,Sonoco Products Co,Q7562151,0,False,nothing,3.53,1,1.0,1.0
707,Sony Group Corp,Q41187,0,False,nothing,-372.268596491228,-1,0.6666666666666666,-0.5
708,Southern Co,Q2304693,0,False,nothing,-236.56,-1,-1.0,-1.0
709,Southern Copper Corp,Q7569806,0,False,nothing,5.6800000000000015,1,1.0,1.0
710,Spectrum Brands Holdings Inc,Q771865,1,False,nothing,1.4,2,0.0,1.5
711,Sprouts Farmers Market Inc,Q7581369,1,False,nothing,126.57,2,2.0,2.0
712,SPX FLOW Inc,Q2207629,0,False,nothing,3.27,1,1.0,1.0
713,SSE PLC,Q493854,0,False,nothing,7.990000000000002,1,1.0,1.0
714,Stadler Rail AG,Q666703,0,False,nothing,-4.48,-1,-1.0,-1.0
715,Standard Chartered PLC,Q548278,0,False,nothing,131.682,1,1.0,1.0
716,Stantec Inc,Q2331913,0,False,nothing,159.90666666666667,1,1.0,1.0
717,State Bank of India,Q1340361,0,False,nothing,-33.6475,-1,0.0,-0.5
718,State Street Corp,Q2037125,0,False,nothing,16.04,1,0.3157894736842105,1.0
719,Steelcase Inc,Q479167,0,False,nothing,44.50666666666666,1,1.0,1.0
720,Stellantis NV,Q97439162,0,False,nothing,13.173333333333336,1,1.0,1.0
721,Stericycle Inc,Q3973262,0,False,nothing,95.39500000000002,1,1.0,1.0
722,STMicroelectronics NV,Q661845,0,False,nothing,49.86,1,1.0,1.0
723,Stora Enso Oyj,Q747265,0,False,nothing,18.2,1,1.0,1.0
724,Stryker Corp,Q2357515,1,False,nothing,-63.435,0,0.0,0.0
725,Sun Hung Kai Properties Ltd,Q1789188,0,False,nothing,-0.4250000000000007,-1,-1.0,-1.0
726,Suzano SA,Q1030695,0,False,nothing,0.0,-1,-1.0,-1.0
727,Svenska Cellulosa AB SCA,Q52601,0,False,nothing,2.346666666666667,1,1.0,1.0
728,Svenska Handelsbanken AB,Q1421630,0,False,nothing,-2.74,-1,-1.0,-1.0
729,Swedbank AB,Q1145493,0,False,nothing,-28.4,-1,-1.0,-1.0
730,Swedish Match AB,Q52855,0,False,nothing,5.776666666666666,1,1.0,1.0
731,Swedish Orphan Biovitrum AB,Q7654795,1,False,nothing,5.0,2,2.0,2.0
732,Swire Properties Ltd,Q7658810,0,False,nothing,26.749999999999996,1,1.0,1.0
733,Swiss Life Holding AG,Q667350,0,False,nothing,-55.87,-1,-1.0,-1.0
734,Swiss Re AG,Q605565,0,False,nothing,15.273333333333335,1,0.0,0.5
735,Synopsys Inc,Q2303478,0,False,nothing,56.36999999999999,1,1.0,1.0
736,T-Mobile US Inc,Q3511885,0,False,nothing,49.30000000000001,1,-0.3333333333333333,0.5
737,Taiwan Semiconductor Manufacturing Co Ltd,Q713418,0,False,nothing,-28.984081632653066,-1,-1.0,-1.0
738,TAL Education Group,Q96407440,1,False,nothing,4.0,2,2.0,2.0
739,Tassal Group Ltd,Q7687626,1,False,nothing,-12.853333333333332,0,0.0,0.0
740,Tata Motors Ltd,Q188514,0,False,nothing,29.538125,1,1.0,1.0
741,Tata Steel Ltd,Q963101,0,False,nothing,-0.4433333333333345,-1,-1.0,-1.0
742,TC Energy Corp,Q1516108,0,False,nothing,-56.4,-1,-1.0,-1.0
743,TDK Corp,Q855479,0,False,nothing,60.43333333333334,1,1.0,1.0
744,TE Connectivity Ltd,Q663452,0,False,nothing,-0.78,-1,-1.0,-1.0
745,Teijin Ltd,Q1111609,0,False,nothing,9.9,1,1.0,1.0
746,Telecom Italia SpA/Milano,Q144617,0,False,nothing,-27.56,-1,-1.0,-1.0
747,Teledyne Technologies Inc,Q7696127,0,False,nothing,-3.910000000000004,-1,-1.0,-1.0
748,Telenet Group Holding NV,Q616340,0,False,nothing,3.4966666666666657,1,1.0,1.0
749,Telia Co AB,Q862303,0,False,nothing,-690.38,-1,-1.0,-1.0
750,Telstra Corp Ltd,Q721162,0,False,nothing,-42.28769230769231,-1,-1.0,-1.0
751,Tempur Sealy International Inc,Q19604577,0,False,nothing,17.990000000000002,1,1.0,1.0
752,Tenaga Nasional Bhd,Q1584297,0,False,nothing,15.68,1,1.0,1.0
753,Tencent Holdings Ltd,Q860580,0,False,nothing,-7.417446808510638,-1,-0.42857142857142855,-1.0
754,Tenet Healthcare Corp,Q3518066,0,False,nothing,-35.36000000000001,-1,-1.0,-1.0
755,Tenneco Inc,Q1509038,0,False,nothing,0.0,-1,-1.0,-1.0
756,Teradyne Inc,Q2404292,0,False,nothing,-1.16,-1,-1.0,-1.0
757,Tesco PLC,Q487494,1,False,nothing,-14.305555555555555,0,-0.5,-0.5
758,Tesla Inc,Q478214,0,False,nothing,-135.9742857142857,-1,-1.0,-1.0
759,Teva Pharmaceutical Industries Ltd,Q898750,1,False,nothing,-31.226666666666656,0,0.3157894736842105,0.5
760,Texas Instruments Inc,Q193412,0,False,nothing,-17.568000000000005,-1,-1.0,-1.0
761,Thermo Fisher Scientific Inc,Q643674,1,False,nothing,11.854,2,2.0,2.0
762,thyssenkrupp AG,Q137910,0,False,nothing,-20.4275,-1,-1.0,-1.0
763,TI Fluid Systems PLC,Q7670467,0,False,nothing,0.2333333333333333,1,1.0,1.0
764,TJX Cos Inc,Q1285819,0,False,nothing,-9.4,-1,-1.0,-1.0
765,Tokio Marine Holdings Inc,Q1812086,0,False,nothing,-78.528,-1,-1.0,-1.0
766,Toll Brothers Inc,Q7814310,0,False,nothing,11.75,1,1.0,1.0
767,Toray Industries Inc,Q168115,0,False,nothing,6.354999999999999,1,1.0,1.0
768,TotalEnergies SE,Q154037,0,False,nothing,-10.240000000000002,-1,-0.5,-1.0
769,Tower Bersama Infrastructure Tbk PT,Q7829632,0,False,nothing,-0.24,-1,-1.0,-1.0
770,Toyota Motor Corp,Q53268,0,False,nothing,8.434495412844038,1,1.0,1.0
771,TransAlta Renewables Inc,Q2448801,0,False,nothing,91.7,1,1.0,1.0
772,TransDigm Group Inc,Q7833612,0,False,nothing,-0.8160000000000001,-1,-1.0,-1.0
773,Transurban Group,Q3538015,0,False,nothing,12.6,1,1.0,1.0
774,Travelers Cos Inc,Q942471,0,False,nothing,5.117500000000001,1,1.0,1.0
775,TreeHouse Foods Inc,Q16958009,1,False,nothing,0.3485714285714286,2,2.0,2.0
776,Trex Co Inc,Q16985774,0,False,nothing,84.3,1,1.0,1.0
777,Tri Pointe Homes Inc,Q105038141,0,False,nothing,27.18,1,1.0,1.0
778,Trimble Inc,Q2297063,0,False,nothing,0.6533333333333333,1,1.0,1.0
779,Trinseo SA,Q18354527,0,False,nothing,6.0,1,1.0,1.0
780,Turkcell Iletisim Hizmetleri AS,Q283852,0,False,nothing,-3.039999999999996,-1,-1.0,-1.0
781,Turkiye Garanti Bankasi AS,Q322962,1,False,nothing,-16.92,0,0.0,0.0
782,Twitter Inc,Q918,0,False,nothing,-230.30193548387095,-1,-1.0,-1.0
783,u-blox Holding AG,Q2466238,0,False,nothing,0.55,1,1.0,1.0
784,Ubisoft Entertainment SA,Q188273,0,False,nothing,-53.59090909090909,-1,-0.42857142857142855,-1.0
785,UBS Group AG,Q193199,0,False,nothing,-10.939615384615385,-1,-1.0,-1.0
786,UGI Corp,Q2852632,0,False,nothing,43.815,1,1.0,1.0
787,UltraTech Cement Ltd,Q7880419,0,False,nothing,8.55,1,1.0,1.0
788,Umicore SA,Q902769,0,False,nothing,29.28,1,1.0,1.0
789,UniCredit SpA,Q45568,1,False,nothing,-44.42,0,0.0,0.0
790,Unilever PLC,Q157062,1,False,nothing,-219.5386363636364,0,0.0,0.0
791,Union Pacific Corp,Q20183163,0,False,nothing,-16.8,-1,-1.0,-1.0
792,United Overseas Bank Ltd,Q2064074,1,True,Consequently we are now aligned with six additional UN S DGs namely SD G 1 No Poverty SD G 2 Zero Hunger SD G 6 Clean Water and Sanitation SD G 10 Reduced Inequalities SD G 14 Life Below Water and SD G 15 Life on Land,141.4057142857143,3,3.0,3.0
793,United Parcel Service Inc,Q155026,0,False,nothing,9.352500000000004,1,1.0,1.0
794,United Rentals Inc,Q7889101,0,False,nothing,-7.065000000000001,-1,-1.0,-1.0
795,United States Steel Corp,Q72539,0,False,nothing,-20.16142857142857,-1,-1.0,-1.0
796,United Utilities Group PLC,Q503038,0,False,nothing,-7.140000000000004,-1,-1.0,-1.0
797,UnitedHealth Group Inc,Q2103926,0,False,nothing,-6.947142857142856,-1,-1.0,-1.0
798,Universal Display Corp,Q3116307,0,False,nothing,40.395,1,1.0,1.0
799,Uponor Oyj,Q1536068,0,False,nothing,20.160000000000004,1,1.0,1.0
800,US Bancorp,Q739084,0,False,nothing,26.040000000000003,1,0.3157894736842105,1.0
801,Vale SA,Q583268,0,False,nothing,-24.972500000000004,-1,-1.0,-1.0
802,Valmet Oyj,Q1197161,0,False,nothing,7.446153846153846,1,1.0,1.0
803,Valmont Industries Inc,Q7912506,0,False,nothing,35.86000000000001,1,1.0,1.0
804,Varta AG,Q695251,0,False,nothing,-10.72,-1,0.0,-0.5
805,Ventas Inc,Q19865761,1,False,nothing,5.214,2,0.5833333333333334,2.0
806,VeriSign Inc,Q734338,0,False,nothing,-1.1899999999999995,-1,-1.0,-1.0
807,Verisk Analytics Inc,Q7921370,0,False,nothing,321.39,1,1.0,1.0
808,Verizon Communications Inc,Q467752,0,False,nothing,1.323103448275864,1,1.0,1.0
809,Vertiv Holdings Co,Q5370909,0,False,nothing,9.88,1,1.0,1.0
810,Vestas Wind Systems A/S,Q868259,0,False,nothing,12.833999999999998,1,1.0,1.0
811,VF Corp,Q457960,0,False,nothing,29.475,1,1.0,1.0
812,Vina Concha y Toro SA,Q1123957,0,False,nothing,0.45,1,1.0,1.0
813,Vinci SA,Q1475312,0,False,nothing,30.08,1,1.0,1.0
814,Visa Inc,Q328840,0,False,nothing,156.97064516129032,1,1.0,1.0
815,Visteon Corp,Q637474,0,False,nothing,135.5,1,1.0,1.0
816,Vistra Corp,Q37068911,0,False,nothing,0.5175,1,1.0,1.0
817,Vivendi SE,Q1127887,0,False,nothing,-0.893,-1,-1.0,-1.0
818,Vodafone Group PLC,Q122141,0,False,nothing,24.05761904761905,1,1.0,1.0
819,Volvo AB,Q163810,0,False,nothing,-124.436,-1,-1.0,-1.0
820,Wabash National Corp,Q7958645,0,False,nothing,-2.32,-1,-1.0,-1.0
821,Wacker Chemie AG,Q535517,0,False,nothing,-10.19,-1,-1.0,-1.0
822,Walt Disney Co,Q7414,0,False,nothing,36.22381578947369,1,1.0,1.0
823,Waste Connections Inc,Q7972797,0,False,nothing,-3.2775000000000016,-1,-1.0,-1.0
825,Waters Corp,Q1322011,0,False,nothing,18.91,1,1.0,1.0
826,Weichai Power Co Ltd,Q3567081,0,False,nothing,0.0,-1,-1.0,-1.0
827,Wells Fargo & Co,Q744149,0,False,nothing,-34.102424242424235,-1,0.3157894736842105,-0.5
828,Welltower Inc,Q20486917,1,False,nothing,13.4,2,0.5833333333333334,2.0
829,West Fraser Timber Co Ltd,Q1765036,0,False,nothing,6.640000000000001,1,1.0,1.0
830,Western Digital Corp,Q738770,0,False,nothing,29.224999999999994,1,1.0,1.0
831,Westlake Chemical Corp,Q17326957,0,False,nothing,0.66,1,1.0,1.0
832,Westpac Banking Corp,Q2031726,0,False,nothing,-16.795833333333334,-1,-1.0,-1.0
833,Westrock Co,Q21016487,0,False,nothing,323.85,1,1.0,1.0
834,WH Group Ltd,Q17499655,1,False,nothing,-6.693333333333334,0,0.0,0.0
835,Williams Cos Inc,Q930639,0,False,nothing,-8.115000000000002,-1,-1.0,-1.0
836,Wm Morrison Supermarkets PLC,Q922344,1,False,nothing,9.441333333333334,2,2.0,2.0
837,Wolters Kluwer NV,Q249798,0,False,nothing,-36.17714285714285,-1,-1.0,-1.0
838,Woodside Petroleum Ltd,Q1812208,0,False,nothing,-26.69333333333333,-1,-1.0,-1.0
839,Workday Inc,Q8034666,0,False,nothing,329.82499999999993,1,1.0,1.0
840,Workhorse Group Inc,Q28406599,0,False,nothing,-22.46666666666667,-1,-1.0,-1.0
841,WPP PLC,Q1318049,0,False,nothing,32.8725,1,1.0,1.0
842,Wuliangye Yibin Co Ltd,Q3570160,0,False,nothing,-7.5,-1,-1.0,-1.0
843,WW Grainger Inc,Q1627894,0,False,nothing,-0.2,-1,-1.0,-1.0
844,Wynn Resorts Ltd,Q2274089,0,False,nothing,21.875,1,1.0,1.0
845,X5 Retail Group NV,Q258748,1,False,nothing,5.02,2,2.0,2.0
846,Xerox Holdings Corp,Q152433,0,False,nothing,-66.46000000000001,-1,-1.0,-1.0
847,Xilinx Inc,Q1046482,0,False,nothing,6.000000000000003,1,1.0,1.0
848,Xinjiang Goldwind Science & Technology Co Ltd,Q1090900,0,False,nothing,-0.54,-1,-1.0,-1.0
849,XPeng Inc,Q63035278,0,False,nothing,28.83333333333333,1,1.0,1.0
850,XPO Logistics Inc,Q8042415,0,False,nothing,-24.375,-1,-1.0,-1.0
851,Xylem Inc/NY,Q3146975,0,False,nothing,16.17,1,1.0,1.0
852,Yaskawa Electric Corp,Q2620239,0,False,nothing,21.975,1,1.0,1.0
853,Yum! Brands Inc,Q668737,0,False,nothing,156.36499999999998,1,1.5,1.0
854,Zebra Technologies Corp,Q2443609,0,False,nothing,54.83,1,1.0,1.0
855,Zimmer Biomet Holdings Inc,Q203552,0,False,nothing,43.98461538461539,1,1.0,1.0
856,Zoetis Inc,Q8073337,0,False,nothing,59.74,1,1.0,1.0
857,Zur Rose Group AG,Q230343,0,False,nothing,29.76749999999999,1,1.0,1.0
858,Zurich Insurance Group AG,Q230426,0,False,nothing,-48.5175,-1,-1.0,-1.0
